ID,Summary,Parent Interest ID,Registered,Published,Updated_1,Category,MNIS ID,Member,JobTitle,WorkingPattern,PersonName,EndDate,FamilyMemberRelationshipLevel,FamilyRelationType,Link,Updated_2,Updated_3
2696,Dr Maria Costa employed,,2016-04-20,2024-07-26,2024-07-26,Family members employed,4439,Alberto Costa,Office Manager,Full time,Dr Maria Costa,,Related to member directly,Spouse,https://interests-api.parliament.uk/api/v1/Interests/2696,,
2704,Caroline Smith employed,,,2024-07-23,2015-06-05,Family members employed,146,Barry Gardiner,Executive Officer,Part time,Caroline Smith,,Related to member directly,Spouse,https://interests-api.parliament.uk/api/v1/Interests/2704,2017-06-30,2024-07-23
2737,Nadeem Ashraf employed,,2016-03-15,2024-04-15,2024-04-15,Family members employed,3924,Yasmin Qureshi,Senior Caseworker,Full time,Nadeem Ashraf,,Related to member directly,Spouse,https://interests-api.parliament.uk/api/v1/Interests/2737,,
2744,Nicola Roberts employed,,,2024-04-15,2015-06-04,Family members employed,1482,Graham Stuart,Office Manager,Part time,Nicola Roberts,,Related to member directly,Sister,https://interests-api.parliament.uk/api/v1/Interests/2744,2024-04-15,
2989,Sally Tami employed,,,2024-01-28,,Family members employed,1383,Sir Mark Tami,Diary Secretary,Part time,Sally Tami,,Related to member directly,Spouse,https://interests-api.parliament.uk/api/v1/Interests/2989,,
2985,Susan Shelbrooke employed,,,2024-01-28,2015-06-04,Family members employed,3997,Sir Alec Shelbrooke,Senior Secretary,Part time,Susan Shelbrooke,,Related to member directly,Spouse,https://interests-api.parliament.uk/api/v1/Interests/2985,,
2991,Ann Vickers employed,,,2024-01-28,,Family members employed,3957,Martin Vickers,Junior Secretary,Part time,Ann Vickers,,Related to member directly,Spouse,https://interests-api.parliament.uk/api/v1/Interests/2991,,
2979,Christine Chope employed,,,2024-01-28,,Family members employed,242,Sir Christopher Chope,Secretary,Full time,Christine Chope,,Related to member directly,Spouse,https://interests-api.parliament.uk/api/v1/Interests/2979,,
2988,Moira Swayne employed,,,2024-01-28,2015-05-20,Family members employed,55,Sir Desmond Swayne,Principal Secretary,Full time,Moira Swayne,,Related to member directly,Spouse,https://interests-api.parliament.uk/api/v1/Interests/2988,,
2970,Frances Campbell employed,,,2024-01-23,,Family members employed,1409,Mr Gregory Campbell,Secretary,Part time,Frances Campbell,,Related to member directly,Spouse,https://interests-api.parliament.uk/api/v1/Interests/2970,,
2731,Jennifer Murrison employed,,,2023-12-30,2015-06-29,Family members employed,1466,Dr Andrew Murrison,Senior Caseworker,Part time,Jennifer Murrison,,Related to member directly,Spouse,https://interests-api.parliament.uk/api/v1/Interests/2731,,
2703,Suzy Gale employed,,,2023-12-30,,Family members employed,87,Sir Roger Gale,Office Manager,Full time,Suzy Gale,,Related to member directly,Spouse,https://interests-api.parliament.uk/api/v1/Interests/2703,,
2725,Mary Leigh employed,,,2023-12-30,,Family members employed,345,Sir Edward Leigh,Office Manager,Full time,Mary Leigh,,Related to member directly,Spouse,https://interests-api.parliament.uk/api/v1/Interests/2725,,
2732,Catherine O'Hara employed,,2016-01-19,2023-12-30,2020-10-08,Family members employed,4371,Brendan O'Hara,Office Manager,Full time,Catherine O'Hara,,Related to member directly,Spouse,https://interests-api.parliament.uk/api/v1/Interests/2732,,
2707,Simon Grant employed,,,2023-12-30,2021-11-18,Family members employed,4018,Helen Grant,Senior Parliamentary Assistant,Full time,Simon Grant,,Related to member directly,Spouse,https://interests-api.parliament.uk/api/v1/Interests/2707,,
2740,John Robinson employed,,2016-08-01,2023-12-30,,Family members employed,4360,Gavin Robinson,Office Manager,Part time,John Robinson,,Related to member directly,Father,https://interests-api.parliament.uk/api/v1/Interests/2740,,
2714,Jackie Bate employed,,,2023-12-30,,Family members employed,400,John Healey,Office Manager,Part time,Jackie Bate,,Related to member directly,Spouse,https://interests-api.parliament.uk/api/v1/Interests/2714,,
2718,Kamran Hussain employed,,2016-06-10,2023-12-30,2017-07-07,Family members employed,4394,Imran Hussain,Senior Caseworker,Full time,Kamran Hussain,,Related to member directly,Brother,https://interests-api.parliament.uk/api/v1/Interests/2718,,
2705,Caroline Garnier employed,,,2023-12-30,,Family members employed,4074,Mark Garnier,Office Manager,Full time,Caroline Garnier,,Related to member directly,Spouse,https://interests-api.parliament.uk/api/v1/Interests/2705,,
2686,Sally Clark employed,,,2023-12-30,2019-04-16,Family members employed,413,Hilary Benn,Office Manager,Part time,Sally Clark,,Related to member directly,Spouse,https://interests-api.parliament.uk/api/v1/Interests/2686,,
2687,James Thomas employed,,,2023-12-30,,Family members employed,394,Mr Clive Betts,Senior Parliamentary Assistant,Full time,James Thomas,,Related to member directly,Partner,https://interests-api.parliament.uk/api/v1/Interests/2687,,
2689,Nicola Blackman employed,,,2023-12-30,,Family members employed,4005,Bob Blackman,Office Manager,Full time,Nicola Blackman,,Related to member directly,Spouse,https://interests-api.parliament.uk/api/v1/Interests/2689,,
2716,Alan Hodgson employed,,,2023-12-30,,Family members employed,1521,Mrs Sharon Hodgson,Office Manager,Full time,Alan Hodgson,,Related to member directly,Spouse,https://interests-api.parliament.uk/api/v1/Interests/2716,,
2743,Eleanor Carr employed,,,2023-12-30,,Family members employed,449,Graham Stringer,Parliamentary Assistant,Full time,Eleanor Carr,,Related to spouse,Daughter,https://interests-api.parliament.uk/api/v1/Interests/2743,,
2733,Ish Osamor employed,,2016-04-18,2023-12-30,2025-07-21,Family members employed,4515,Kate Osamor,Executive Office Manager,Full time,Ish Osamor,,Related to member directly,Son,https://interests-api.parliament.uk/api/v1/Interests/2733,,
2715,Kate Hoare employed,,2016-02-29,2023-12-30,2019-12-20,Family members employed,4494,Simon Hoare,Office Manager,Full time,Kate Hoare,,Related to member directly,Spouse,https://interests-api.parliament.uk/api/v1/Interests/2715,2023-11-14,
2746,Paul Townsend employed,,,2023-12-30,2017-01-05,Family members employed,4076,Valerie Vaz,Senior Parliamentary Assistant,Full time,Paul Townsend,,Related to member directly,Spouse,https://interests-api.parliament.uk/api/v1/Interests/2746,,
2722,Tyrone Powell employed,,2015-06-04,2023-12-30,,Family members employed,4501,Gerald Jones,Senior Parliamentary Assistant,Full time,Tyrone Powell,,Related to member directly,Partner,https://interests-api.parliament.uk/api/v1/Interests/2722,,
2697,Mark Cummins employed,,2016-05-16,2023-12-30,,Family members employed,4391,Judith Cummins,Senior Researcher,Full time,Mark Cummins,,Related to member directly,Spouse,https://interests-api.parliament.uk/api/v1/Interests/2697,,
2712,Susan Hayes employed,,,2023-12-30,,Family members employed,350,Sir John Hayes,Administrative Manager,Full time,Susan Hayes,,Related to member directly,Spouse,https://interests-api.parliament.uk/api/v1/Interests/2712,,
2720,Kevin Morton employed,,,2023-12-30,,Family members employed,1533,Dame Diana Johnson,Office Manager,Full time,Kevin Morton,,Related to member directly,Partner,https://interests-api.parliament.uk/api/v1/Interests/2720,,
2702,Emily Grace Ahmed employed,,2016-06-03,2023-12-30,2018-06-07,Family members employed,4571,Gill Furniss,Executive Office Manager,Full time,Emily Grace Ahmed,,Related to member directly,Daughter,https://interests-api.parliament.uk/api/v1/Interests/2702,2020-12-14,2024-02-14
2724,Hilary Lavery employed,,,2023-12-30,,Family members employed,4139,Ian Lavery,Senior Secretary,Full time,Hilary Lavery,,Related to member directly,Spouse,https://interests-api.parliament.uk/api/v1/Interests/2724,,
